,id,Degree,In-degree,Out-degree,Weighted degree,Weighted in-degree,Weighted out-degree,Clustering coefficient,Pagerank,Degree centrality,In-degree centrality,Out-degree centrality,Betweenness centrality,Clossness centrality,Eigenvector centrality,Katz centrality,Harmonic centrality,Load centrality,Mean shortest path length,Max shortest path length
0,3; Adrià Gual 1,2,1,1,2.0,1.0,1.0,0.0,0.004559534532362663,0.009852216748768473,0.0049261083743842365,0.0049261083743842365,0.08493878944544701,0.03348729792147806,0.00024542244235571176,0.06805968838496476,9.525878882656741,0.08493878944544701,22.3,41
1,2; Adrià Gual 2,2,1,1,2.0,1.0,1.0,0.0,0.003991845492838946,0.009852216748768473,0.0049261083743842365,0.0049261083743842365,0.08493878944544701,0.040309769658459095,0.001897092929411619,0.06805968838496476,10.89366382073132,0.08493878944544701,27.33,47
2,214; Aeroclub de Reus 1,2,1,1,2.0,1.0,1.0,0.0,0.004332034046983414,0.009852216748768473,0.0049261083743842365,0.0049261083743842365,0.08493878944544701,0.040886203423967774,0.001738776392989506,0.06805968838496476,11.183048185317066,0.08493878944544701,25.67,48
3,225; Aeroclub de Reus 2,2,1,1,2.0,1.0,1.0,0.0,0.0041137608965104554,0.009852216748768473,0.0049261083743842365,0.0049261083743842365,0.08493878944544701,0.04389189189189189,0.0034386821984611214,0.06805968838496476,11.899724479967594,0.08493878944544701,27.34,50
4,1; Aeroport,2,1,1,2.0,1.0,1.0,0.0,0.004231733678704089,0.009852216748768473,0.0049261083743842365,0.0049261083743842365,0.08493878944544701,0.042335766423357665,0.0024453716986756217,0.06805968838496476,11.522370553000627,0.08493878944544701,26.5,49
5,5; Agro Reus 1,2,1,1,2.0,1.0,1.0,0.0,0.0046548547899544195,0.009852216748768473,0.0049261083743842365,0.0049261083743842365,0.08493878944544701,0.03169893816364772,0.00012385456438652792,0.06805968838496476,9.18736670926933,0.08493878944544701,20.62,39
6,4; Agro Reus 2,2,1,1,2.0,1.0,1.0,0.0,0.003642823662797528,0.009852216748768473,0.0049261083743842365,0.0049261083743842365,0.08493878944544701,0.04324669791222838,0.003748011006927153,0.06805968838496476,11.526383219401179,0.08493878944544701,29.0,49
7,6; Alcolea,2,1,1,4.0,2.0,2.0,0.0,0.00447534250416763,0.009852216748768473,0.0049261083743842365,0.0049261083743842365,0.039225966931668535,0.05168024439918534,0.020692587557247302,0.06805969451033678,13.61119576508293,0.039225966931668535,14.3,32
8,8; Antoni Rubió i Lluch 1,2,1,1,2.0,1.0,1.0,0.0,0.004691625645490506,0.009852216748768473,0.0049261083743842365,0.0049261083743842365,0.08493878944544701,0.030874524714828898,8.792664037736336e-05,0.06805968838496476,9.03378018546338,0.08493878944544701,19.78,38
9,7; Antoni Rubió i Lluch 2,2,1,1,2.0,1.0,1.0,0.0,0.0034218318113872657,0.009852216748768473,0.0049261083743842365,0.0049261083743842365,0.08493878944544701,0.044881715675436654,0.005268079552005548,0.06805968838496476,11.892204721652694,0.08493878944544701,29.84,50
10,187; Avinguda Barcelona,3,2,1,4.0,2.0,2.0,0.0,0.003761567227768355,0.014778325123152709,0.009852216748768473,0.0049261083743842365,0.039225966931668535,0.07328519855595668,0.1596837705898333,0.07572016438325821,21.732394343281687,0.039225966931668535,19.98,38
11,10; Avinguda de Marià Fortuny 1,2,1,1,4.0,2.0,2.0,0.0,0.004743995962855823,0.009852216748768473,0.0049261083743842365,0.0049261083743842365,0.10593165227852834,0.05892597968069666,0.01578544711119893,0.06815020300724373,16.8742231547995,0.10833780422377214,17.66,38
12,9; Avinguda de Marià Fortuny 2,2,1,1,2.0,1.0,1.0,0.0,0.002857025945947668,0.009852216748768473,0.0049261083743842365,0.0049261083743842365,0.019558113446812662,0.0535337552742616,0.022526231912217868,0.06806111559664448,14.26476145397349,0.019558113446812662,16.51,41
13,12; Avinguda de Sant Jordi 1,2,1,1,12.0,6.0,6.0,0.0,0.01070797803063316,0.009852216748768473,0.0049261083743842365,0.0049261083743842365,0.17567754312377046,0.06909462219196733,0.07866435797558842,0.0701927634342939,20.458173644548214,0.17602302102131395,14.91,33
14,11; Avinguda de Sant Jordi 2,2,1,1,12.0,6.0,6.0,0.0,0.007245807378647067,0.009852216748768473,0.0049261083743842365,0.0049261083743842365,0.07547675949860996,0.062136516681971225,0.05521324480423973,0.06806052143555892,16.380153564463477,0.07547675949860996,14.07,35
15,207; Avinguda de Tarragona  1,2,1,1,2.0,1.0,1.0,0.0,0.004550152569202769,0.009852216748768473,0.0049261083743842365,0.0049261083743842365,0.08493878944544701,0.037077625570776256,0.0006245011739347033,0.06805968838496476,10.340007144376688,0.08493878944544701,23.17,45
16,208; Avinguda de Tarragona  2,2,1,1,2.0,1.0,1.0,0.0,0.0036179791143041602,0.009852216748768473,0.0049261083743842365,0.0049261083743842365,0.08493878944544701,0.049331713244228435,0.009556346210649474,0.06805969451033678,13.350008663943136,0.08493878944544701,29.84,53
17,186; Avinguda del comerç,3,1,2,4.0,2.0,2.0,0.0,0.004539428307522607,0.014778325123152709,0.0049261083743842365,0.009852216748768473,0.039225966931668535,0.04925988837660762,0.014720538926683837,0.06805968838496476,12.987957771360854,0.039225966931668535,13.36,31
18,37; Avinguda.  Castellvell 2,3,1,2,8.0,4.0,4.0,0.16666666666666666,0.006369864632560888,0.014778325123152709,0.0049261083743842365,0.009852216748768473,0.05237038482173341,0.07482491706597862,0.1419301851701723,0.07018141311994844,22.41823251189401,0.05237038482173341,16.81,35
19,36; Avinguda. Castellvell 1,2,1,1,6.0,3.0,3.0,0.0,0.00643382709778775,0.009852216748768473,0.0049261083743842365,0.0049261083743842365,0.05237038482173341,0.06623164763458401,0.1707760700597778,0.06876844293018057,19.130437590724966,0.05237038482173341,15.09,33
20,195; Barri  Gaudi,2,1,1,4.0,2.0,2.0,0.0,0.003932882325597392,0.009852216748768473,0.0049261083743842365,0.0049261083743842365,0.039225966931668535,0.06851164360445494,0.11359036126701158,0.06882572128390127,19.13610205770922,0.039225966931668535,19.03,37
21,14; Barri Fortuny 1,2,1,1,4.0,2.0,2.0,0.0,0.004881395402273397,0.009852216748768473,0.0049261083743842365,0.0049261083743842365,0.05750377993464372,0.03971048513302034,0.0014683217380796819,0.06805968838496476,11.066784083847311,0.057503779934643715,16.46,36
22,15; Barri Fortuny 2,2,1,1,2.0,1.0,1.0,0.0,0.0027839159358107476,0.009852216748768473,0.0049261083743842365,0.0049261083743842365,0.017997366239086963,0.0464,0.00834657416781177,0.06805969451033678,12.43063710409442,0.017997366239086963,25.13,46
23,16; Barri Fortuny 2 bis,3,1,2,4.0,2.0,2.0,0.0,0.00405810317771135,0.014778325123152709,0.0049261083743842365,0.009852216748768473,0.17722203254808244,0.05930470347648262,0.03595979265738195,0.06826387153574279,17.207881637747043,0.17686436131297859,15.68,36
24,13; Barri Montserrat,2,1,1,4.0,2.0,2.0,0.0,0.004862828416695467,0.009852216748768473,0.0049261083743842365,0.0049261083743842365,0.057503779934643715,0.048024603737875565,0.008071754897571478,0.06806036830125853,13.293258070773472,0.057503779934643715,20.8,41
25,18; Bellissens 1,2,1,1,2.0,1.0,1.0,0.0,0.004742644124311644,0.009852216748768473,0.0049261083743842365,0.0049261083743842365,0.08493878944544701,0.03209486166007905,0.00011280417710587252,0.06805968838496476,9.324119311537544,0.08493878944544701,19.0,40
26,19; Bellissens 2,2,1,1,2.0,1.0,1.0,0.0,0.00200849490718364,0.009852216748768473,0.0049261083743842365,0.0049261083743842365,0.08493878944544701,0.06217457886676876,0.05245105518608814,0.06894515991283931,18.451783430305028,0.08493878944544701,34.0,58
27,233; Biblioteca Pere Anguera 1,2,1,1,2.0,1.0,1.0,0.0,0.0029013010601355014,0.009852216748768473,0.0049261083743842365,0.0049261083743842365,0.027703262937131153,0.036848792884371026,0.000777892575942007,0.06805968838496476,10.399930576425852,0.027703262937131153,22.05,43
28,234; Biblioteca Pere Anguera 2,2,1,1,4.0,2.0,2.0,0.0,0.004184660529253335,0.009852216748768473,0.0049261083743842365,0.0049261083743842365,0.033369100456843714,0.05637322965842821,0.02558173537439915,0.06808010424989375,15.918519863516849,0.03373896502950788,18.66,41
29,20; Boca de la Mina,2,1,1,4.0,2.0,2.0,0.0,0.004307372128397297,0.009852216748768473,0.0049261083743842365,0.0049261083743842365,0.039225966931668535,0.05731225296442688,0.04088934385092813,0.06806044793109473,15.175171664138418,0.039225966931668535,16.2,34
30,27; CAP Marià Fortuny 1,5,2,3,6.0,3.0,3.0,0.0,0.006608944067130381,0.024630541871921183,0.009852216748768473,0.014778325123152709,0.20016989383667436,0.05989967542047802,0.02662557220957018,0.07488607247585302,18.519281939529883,0.1998122226015705,15.59,35
31,28; CAP Marià Fortuny 2,2,1,1,2.0,1.0,1.0,0.0,0.0024100265262261894,0.009852216748768473,0.0049261083743842365,0.0049261083743842365,0.017997366239086963,0.04833333333333333,0.011732212803197235,0.06805975576405694,12.929741257706494,0.017997366239086963,25.99,47
32,29; CAP Sant Pere,3,2,1,6.0,3.0,3.0,0.0,0.004570692920951003,0.014778325123152709,0.009852216748768473,0.0049261083743842365,0.14831569363832933,0.07932786244626808,0.2209380119911535,0.07720877679205042,23.147536167524137,0.14810637467687657,13.98,32
33,165; CESDA 1,2,1,1,2.0,1.0,1.0,0.0,0.004417584412486514,0.009852216748768473,0.0049261083743842365,0.0049261083743842365,0.08493878944544701,0.03953261927945472,0.0012361758286832702,0.06805968838496476,10.875842937020312,0.08493878944544701,24.84,47
34,177; CESDA 2,2,1,1,2.0,1.0,1.0,0.0,0.003974524840106554,0.009852216748768473,0.0049261083743842365,0.0049261083743842365,0.08493878944544701,0.04556677890011223,0.004834967300457536,0.06805968838496476,12.322750513901804,0.08493878944544701,28.17,51
35,24; Camí de Tarragona 1,2,1,1,4.0,2.0,2.0,0.0,0.004724797783014835,0.009852216748768473,0.0049261083743842365,0.0049261083743842365,0.10560243216439873,0.057474518686296716,0.010361128007040433,0.06942089918119826,17.118470093015972,0.10597229673706288,19.52,38
36,23; Camí de Tarragona 2,3,1,2,8.0,4.0,4.0,0.0,0.005110709709685737,0.014778325123152709,0.0049261083743842365,0.009852216748768473,0.140072997447528,0.05538881309686221,0.03258512209511244,0.06812917460511314,15.039134669748305,0.1424791493927718,14.98,40
37,26; Camí de Valls 1,3,2,1,6.0,3.0,3.0,0.0,0.0067647343364529225,0.014778325123152709,0.009852216748768473,0.0049261083743842365,0.13768310328569805,0.07631578947368421,0.0428074106275764,0.07494749770642849,21.491543053386337,0.1380285811832415,17.73,36
38,25; Camí de Valls 2,3,2,1,8.0,4.0,4.0,0.0,0.00519014932380602,0.014778325123152709,0.009852216748768473,0.0049261083743842365,0.140072997447528,0.06160849772382398,0.0643893273140461,0.0750087146743554,17.892452738459923,0.1424791493927718,16.79,42
39,171; Carles Riba 1,2,1,1,2.0,1.0,1.0,0.0,0.0021351081955185733,0.009852216748768473,0.0049261083743842365,0.0049261083743842365,0.027703262937131153,0.03930300096805421,0.0015403032102650899,0.06805968838496476,10.961360552871767,0.027703262937131153,23.74,45
40,170; Carles Riba 2,3,1,2,4.0,2.0,2.0,0.0,0.004292219462819933,0.014778325123152709,0.0049261083743842365,0.009852216748768473,0.03336910045684371,0.05363276089828269,0.0181987501979093,0.06806172813384605,14.913114568308458,0.03373896502950788,17.75,40
41,30; Carrilet,3,1,2,4.0,2.0,2.0,0.0,0.002907257065048963,0.014778325123152709,0.0049261083743842365,0.009852216748768473,0.08612154318880165,0.05272727272727273,0.023181053841927157,0.06806663455683079,14.186735342022892,0.08612154318880165,14.44,39
42,31; Cementiri,2,1,1,2.0,1.0,1.0,0.0,0.00207110850509072,0.009852216748768473,0.0049261083743842365,0.0049261083743842365,0.007364775886455641,0.05904595695171611,0.04451393154950687,0.06820274644839612,15.998677871480377,0.007364775886455641,15.91,36
43,32; Clarassó,2,1,1,2.0,1.0,1.0,0.0,0.003611640148053343,0.009852216748768473,0.0049261083743842365,0.0049261083743842365,0.06213724820757938,0.03552055993000875,0.0002800232374108401,0.06805968838496476,10.068374721130843,0.06213724820757938,28.39,46
44,128; Constantí 1,2,1,1,4.0,2.0,2.0,0.0,0.0047865483086377905,0.009852216748768473,0.0049261083743842365,0.0049261083743842365,0.10593165227852834,0.05321100917431193,0.007982791853331082,0.0680605888146511,14.73071722457361,0.10833780422377214,15.84,36
45,127; Constantí 2,2,1,1,2.0,1.0,1.0,0.0,0.00207110850509072,0.009852216748768473,0.0049261083743842365,0.0049261083743842365,0.019558113446812662,0.0592873831775701,0.04451393154950687,0.06820274644839612,16.115344538147042,0.019558113446812662,18.32,43
46,39; Dipòsit de vehicles 1,2,1,1,2.0,1.0,1.0,0.0,0.004721508279774684,0.009852216748768473,0.0049261083743842365,0.0049261083743842365,0.08493878944544701,0.030091906314853246,6.239087130770294e-05,0.06805968838496476,8.889357484712448,0.08493878944544701,18.95,37
47,38; Dipòsit de vehicles 2,2,1,1,2.0,1.0,1.0,0.0,0.003159903947134126,0.009852216748768473,0.0049261083743842365,0.0049261083743842365,0.08493878944544701,0.046645220588235295,0.007404717219679559,0.06805968838496476,12.298858832432394,0.08493878944544701,30.68,51
48,42; Doctor  Vilaseca 2,2,1,1,2.0,1.0,1.0,0.0,0.0021319912864514725,0.009852216748768473,0.0049261083743842365,0.0049261083743842365,0.018936253231234455,0.0705596107055961,0.06577682904061831,0.06888412058070087,19.81923223169112,0.018936253231234455,20.93,39
49,43; Doctor Vilaseca 1,6,3,3,12.0,6.0,6.0,0.0,0.010113943632322082,0.029556650246305417,0.014778325123152709,0.014778325123152709,0.22982409078346264,0.07400656215822092,0.12711932939446174,0.08244437726892126,23.234713963232903,0.22944203287323808,12.71,30
50,41; Dom Bosco 1,2,1,1,6.0,3.0,3.0,0.0,0.006483580888855312,0.009852216748768473,0.0049261083743842365,0.0049261083743842365,0.13768310328569805,0.07120308663626798,0.03044867172175808,0.06874846196666472,19.12639185822309,0.1380285811832415,16.79,35
51,40; Dom Bosco 2,2,1,1,6.0,3.0,3.0,0.0,0.0036706451825209633,0.009852216748768473,0.0049261083743842365,0.0049261083743842365,0.03601911915329464,0.05576923076923077,0.027939350465938775,0.06805969451033678,14.570267255660903,0.03601911915329464,17.68,43
52,221; E. Eduard Toda 1,2,1,1,2.0,1.0,1.0,0.0,0.002549136148375649,0.009852216748768473,0.0049261083743842365,0.0049261083743842365,0.027703262937131153,0.03803635000936856,0.0010947332032754816,0.06805968838496476,10.667702088920237,0.027703262937131153,22.89,44
53,222; E. Eduard Toda 2,2,1,1,4.0,2.0,2.0,0.0,0.00405810317771135,0.009852216748768473,0.0049261083743842365,0.0049261083743842365,0.033369100456843714,0.05940883816213052,0.03595979265738195,0.06826387153574279,17.22464167509532,0.03373896502950788,19.56,42
54,45; El Pinar,2,1,1,2.0,1.0,1.0,0.0,0.002430631063323093,0.009852216748768473,0.0049261083743842365,0.0049261083743842365,0.007316002536214213,0.06614532420984034,0.1932847747280388,0.06883235506179448,19.00543759072496,0.007316002536214213,18.8,37
55,44; El Pinar 1 (fora de servei),2,1,1,2.0,1.0,1.0,0.0,0.002430631063323093,0.009852216748768473,0.0049261083743842365,0.0049261083743842365,0.007316002536214213,0.06614532420984034,0.1932847747280388,0.06883235506179448,19.00543759072496,0.007316002536214213,18.8,37
56,209; Escola Alba,2,1,1,4.0,2.0,2.0,0.0,0.0038339034731557434,0.009852216748768473,0.0049261083743842365,0.0049261083743842365,0.12871287128712872,0.05868748193119399,0.040637241531837516,0.06806045405646675,15.434219132600589,0.12871287128712872,17.92,37
57,33; Escola M. Fortuny 1,2,1,1,4.0,2.0,2.0,0.0,0.0048806341920328645,0.009852216748768473,0.0049261083743842365,0.0049261083743842365,0.05750377993464372,0.04113475177304964,0.0020651218265017243,0.06805968838496476,11.41083638108588,0.057503779934643715,17.33,37
58,34; Escola M. Fortuny 2,3,2,1,4.0,2.0,2.0,0.0,0.004826299033558631,0.014778325123152709,0.009852216748768473,0.0049261083743842365,0.057503779934643715,0.05768684285308326,0.03151965501395348,0.07488607247585302,17.64617224071551,0.057503779934643715,24.27,45
59,210; Escola d'idiomes i art,2,1,1,4.0,2.0,2.0,0.0,0.003645173176729021,0.009852216748768473,0.0049261083743842365,0.0049261083743842365,0.12871287128712872,0.06209850107066381,0.057125937028059764,0.06806740022833278,16.4577772022113,0.12871287128712872,18.85,38
60,46; Estació Autobusos 1,4,2,2,4.0,2.0,2.0,0.08333333333333333,0.004602016360523475,0.019704433497536946,0.009852216748768473,0.009852216748768473,0.0658033783673934,0.06937799043062201,0.029301822057006273,0.07690950336609755,22.27062833639919,0.06820953031263718,19.44,41
61,47; Estació Autobusos 2,7,4,3,10.0,5.0,5.0,0.0,0.009329923828922539,0.034482758620689655,0.019704433497536946,0.014778325123152709,0.33473556715277436,0.0665792062971466,0.07105563307849004,0.0884783709850886,22.55643303411017,0.332341608545091,13.81,38
62,49; Estadi Municipal 1,3,2,1,4.0,2.0,2.0,0.0,0.006545476747913618,0.014778325123152709,0.009852216748768473,0.0049261083743842365,0.12871287128712872,0.0539463194259899,0.014652295250961333,0.07486565661092404,15.938215376477006,0.12871287128712872,16.43,34
63,203; Fira de Reus 1,2,1,1,2.0,1.0,1.0,0.0,0.00464625178440151,0.009852216748768473,0.0049261083743842365,0.0049261083743842365,0.08493878944544701,0.03490971625107481,0.00031523405928887905,0.06805968838496476,9.887195703167729,0.08493878944544701,21.5,43
64,204; Fira de Reus 2,2,1,1,2.0,1.0,1.0,0.0,0.003124903383354536,0.009852216748768473,0.0049261083743842365,0.0049261083743842365,0.08493878944544701,0.05377483443708609,0.01888429038443006,0.06806057043853506,14.744214837448652,0.08493878944544701,31.5,55
65,52; Flix 1,2,1,1,4.0,2.0,2.0,0.0,0.004868966573509735,0.009852216748768473,0.0049261083743842365,0.0049261083743842365,0.057503779934643715,0.046094459582198,0.00574140155851471,0.06805975576405694,12.72099563007383,0.057503779934643715,19.93,40
66,53; Flix 2,2,1,1,4.0,2.0,2.0,0.0,0.004856726718348432,0.009852216748768473,0.0049261083743842365,0.0049261083743842365,0.057503779934643715,0.050123456790123457,0.011347314289016286,0.06806651204939047,13.972272668186426,0.057503779934643715,21.67,42
67,54; Folch i Torres,3,1,2,16.0,8.0,8.0,0.0,0.009959500721892677,0.014778325123152709,0.0049261083743842365,0.009852216748768473,0.10455786958006145,0.07552083333333333,0.15339996135836317,0.06890002817182617,21.228797352732702,0.10455786958006145,15.71,36
68,55; Font de Rubinat 1,2,1,1,8.0,4.0,4.0,0.0,0.007657920580647915,0.009852216748768473,0.0049261083743842365,0.0049261083743842365,0.18832609861971422,0.05227916559361319,0.004039746990376068,0.06806044180572272,14.521960729363238,0.1857472077256987,14.09,34
69,56; Font de Rubinat 2,2,1,1,6.0,3.0,3.0,0.0,0.004611652616168702,0.009852216748768473,0.0049261083743842365,0.0049261083743842365,0.09502267960786227,0.06823529411764706,0.07806473923530667,0.06814280355784852,18.77574142227985,0.09502267960786227,16.98,39
70,237; Fundació Rosa Maria Vivar 1,3,2,1,4.0,2.0,2.0,0.0,0.005694133006092014,0.014778325123152709,0.009852216748768473,0.0049261083743842365,0.08101253475101206,0.05541905541905542,0.008504859018877597,0.07486640390630998,16.85727986223561,0.08101253475101206,21.29,42
71,238; Fundació Rosa Maria Vivar 2,3,1,2,8.0,4.0,4.0,0.0,0.0051449083524784675,0.014778325123152709,0.0049261083743842365,0.009852216748768473,0.14126794452844296,0.05315527625032731,0.011938153483653147,0.0680671735895682,14.861941715402928,0.14109520557967128,16.47,34
72,57; Gironès,2,1,1,4.0,2.0,2.0,0.0,0.0048734177916916815,0.009852216748768473,0.0049261083743842365,0.0049261083743842365,0.019582500121933376,0.0586366262276141,0.1955923775723099,0.06875572053250356,16.238995600235842,0.019582500121933376,16.85,35
73,58; Greco 1,3,2,1,8.0,4.0,4.0,0.0,0.010183163977977742,0.014778325123152709,0.009852216748768473,0.0049261083743842365,0.18832609861971422,0.06475279106858055,0.01579046407628151,0.07561519388302172,20.41919210131778,0.1857472077256987,17.76,38
74,59; Greco 2,3,1,2,6.0,3.0,3.0,0.0,0.004751482186324239,0.014778325123152709,0.0049261083743842365,0.009852216748768473,0.09502267960786227,0.05458456574347943,0.019990305215717843,0.06805969451033678,14.408635889745147,0.09502267960786227,13.33,35
75,198; Hospital 1,2,1,1,6.0,3.0,3.0,0.0,0.00497923930685991,0.009852216748768473,0.0049261083743842365,0.0049261083743842365,0.08064673462420134,0.047418827376781124,0.008473962294314186,0.06805969451033678,13.057145580984027,0.08064673462420134,21.31,44
76,199; Hospital 2,2,1,1,6.0,3.0,3.0,0.0,0.0050079132908525245,0.009852216748768473,0.0049261083743842365,0.0049261083743842365,0.08064673462420134,0.051719745222929936,0.016748449627481482,0.06806045405646675,14.395779557529563,0.08064673462420134,23.06,46
77,196; Hospital consultas externas 1,2,1,1,6.0,3.0,3.0,0.0,0.004966426603210838,0.009852216748768473,0.0049261083743842365,0.0049261083743842365,0.08064673462420134,0.04552590266875981,0.006026904909679449,0.06805968838496476,12.527459259037455,0.08064673462420134,20.44,43
78,197; Hospital consultas externas 2,2,1,1,6.0,3.0,3.0,0.0,0.005026858476439244,0.009852216748768473,0.0049261083743842365,0.0049261083743842365,0.08064673462420134,0.054176674673071794,0.02354429046815982,0.06806737572684472,15.275125853200066,0.08064673462420134,23.93,47
79,61; IES Domènech i Montaner,4,2,2,9.0,5.0,4.0,0.08333333333333333,0.008938586496556062,0.019704433497536946,0.009852216748768473,0.009852216748768473,0.052760571623664834,0.07075636110142906,0.24008431965035285,0.07514740534753941,21.784732300612227,0.052760571623664834,15.88,34
80,166; IES Gaudí - Mas Carandell,2,1,1,4.0,2.0,2.0,0.0,0.0042023944001035535,0.009852216748768473,0.0049261083743842365,0.0049261083743842365,0.039225966931668535,0.060615108987757536,0.05747985068144419,0.06806733897461262,16.19078575712388,0.039225966931668535,17.14,35
81,63; IPM 1,2,1,1,4.0,2.0,2.0,0.0,0.003994169626139598,0.009852216748768473,0.0049261083743842365,0.0049261083743842365,0.12871287128712872,0.05563167991230474,0.028908302339797725,0.06805976188942896,14.582235945501445,0.12871287128712872,16.99,36
82,211; IPM 2,2,1,1,4.0,2.0,2.0,0.0,0.0034232060683971224,0.009852216748768473,0.0049261083743842365,0.0049261083743842365,0.12871287128712872,0.06593049691458265,0.08030613714465745,0.06813688644848116,17.73098965377328,0.12871287128712872,19.78,39
83,62; Immaculada,2,1,1,2.0,1.0,1.0,0.0,0.003383756103132086,0.009852216748768473,0.0049261083743842365,0.0049261083743842365,0.06213724820757938,0.03655023406553835,0.0003942885003565693,0.06805968838496476,10.296162407094352,0.06213724820757938,29.18,47
84,168; Jardins de Reus 1,2,1,1,4.0,2.0,2.0,0.0,0.0047666362111338486,0.009852216748768473,0.0049261083743842365,0.0049261083743842365,0.10593165227852834,0.0559228650137741,0.011226093479117051,0.06806873555943224,15.6772950617168,0.10833780422377214,16.75,37
85,64; Jardins de Reus 2,2,1,1,2.0,1.0,1.0,0.0,0.0024959041517065472,0.009852216748768473,0.0049261083743842365,0.0049261083743842365,0.019558113446812662,0.05626385809312639,0.031665759620022556,0.06807399112862189,15.088108338757138,0.019558113446812662,17.42,42
86,65; Jaume I 1,2,1,1,2.0,1.0,1.0,0.0,0.0026905778879236807,0.009852216748768473,0.0049261083743842365,0.0049261083743842365,0.01703409257181876,0.06527331189710611,0.020842964738507382,0.06894466375770603,19.385396286886944,0.01703409257181876,19.49,40
87,194; Jaume I 2,2,1,1,4.0,2.0,2.0,0.0,0.0036503110463073692,0.009852216748768473,0.0049261083743842365,0.0049261083743842365,0.22249589490968796,0.06153379812064262,0.045312848937353406,0.06806059494002312,16.108652775726192,0.22011412963956495,14.73,39
88,224; Jaume Vidal Alcover,2,1,1,4.0,2.0,2.0,0.0,0.003907466788976527,0.009852216748768473,0.0049261083743842365,0.0049261083743842365,0.033369100456843714,0.06278997834828333,0.050548236675307355,0.07010155051960514,19.096507754877496,0.03373896502950788,20.46,43
89,67; Joan Rebull 1,3,1,2,12.0,6.0,6.0,0.0,0.009011357148800074,0.014778325123152709,0.0049261083743842365,0.009852216748768473,0.19378464940090065,0.06377631165567076,0.08976835305025398,0.06874311451689484,18.1867754880565,0.19413012729844414,12.75,30
90,66; Joan Rebull 2,3,2,1,12.0,6.0,6.0,0.0,0.008650050250416756,0.014778325123152709,0.009852216748768473,0.0049261083743842365,0.07924450080476028,0.07976424361493124,0.17697148326512965,0.0772019470022527,23.42329374328171,0.07924450080476028,17.62,38
91,69; Jutjats 1,4,3,1,8.0,4.0,4.0,0.0,0.009160121008411664,0.019704433497536946,0.014778325123152709,0.0049261083743842365,0.14616966622770652,0.07085514834205933,0.05634884571854122,0.08168669325204243,21.739704145351162,0.14857581817295032,14.94,35
92,68; Jutjats 2,4,1,3,6.0,3.0,3.0,0.0,0.0047142963479622465,0.019704433497536946,0.0049261083743842365,0.014778325123152709,0.13592726267700658,0.06265432098765432,0.06257584871198185,0.06949029964613843,17.50718368152711,0.1383334146222504,13.54,36
93,70; La Salle 1,2,1,1,8.0,4.0,4.0,0.0,0.00939056288625813,0.009852216748768473,0.0049261083743842365,0.0049261083743842365,0.18832609861971422,0.061107766405779654,0.011231453815830208,0.06881523464701005,18.05871654017591,0.1857472077256987,16.84,37
94,71; La Salle 2,2,1,1,6.0,3.0,3.0,0.0,0.004725520564597704,0.009852216748768473,0.0049261083743842365,0.0049261083743842365,0.09502267960786227,0.05745825077837532,0.028100702136202756,0.06805976801480097,15.207637482735478,0.09502267960786227,14.24,36
95,200; La Vitxeta,5,2,3,6.0,3.0,3.0,0.1,0.00533494834897862,0.024630541871921183,0.009852216748768473,0.014778325123152709,0.12963550049586237,0.06855791962174941,0.05644823835090321,0.07500192776216177,20.046791861842895,0.1320416524411062,13.39,33
96,72; Llibertat,2,1,1,12.0,6.0,6.0,0.0,0.007658610077917866,0.009852216748768473,0.0049261083743842365,0.0049261083743842365,0.07547675949860996,0.0660377358490566,0.07761871253357584,0.06806808014462655,17.607231280268316,0.07547675949860996,15.02,36
97,73; Mare Molas 1,2,1,1,2.0,1.0,1.0,0.0,0.004330154972095245,0.009852216748768473,0.0049261083743842365,0.0049261083743842365,0.06213724820757938,0.031134969325153375,5.023804040257382e-05,0.06805968838496476,9.158545062706674,0.06213724820757938,24.45,42
98,74; Mare Molas 2,2,1,1,6.0,3.0,3.0,0.0,0.0043549566179058525,0.009852216748768473,0.0049261083743842365,0.0049261083743842365,0.12239265798501034,0.044488275257506024,0.003056021593499215,0.06805968838496476,12.264284120396882,0.1222199190362386,13.59,30
99,223; Maria Aurèlia Campany,2,1,1,2.0,1.0,1.0,0.0,0.0036716106259320814,0.009852216748768473,0.0049261083743842365,0.0049261083743842365,0.027703262937131153,0.03369294605809128,0.0002786533452327065,0.06805968838496476,9.719856474148084,0.027703262937131153,19.52,40
100,172; Mas Abello 1,3,1,2,6.0,3.0,3.0,0.0,0.00494017006716885,0.014778325123152709,0.0049261083743842365,0.009852216748768473,0.08064673462420134,0.04065691968756259,0.0021668267934951413,0.06805968838496476,11.285273286626008,0.08064673462420134,17.82,40
101,75; Mas Abelló 2,3,2,1,6.0,3.0,3.0,0.0,0.0051058878861257855,0.014778325123152709,0.009852216748768473,0.0049261083743842365,0.08064673462420134,0.06318082788671024,0.06539742593096387,0.0757513302760751,20.296556325968027,0.08064673462420134,26.55,50
102,77; Mas Batlle 1,2,1,1,2.0,1.0,1.0,0.0,0.0044991077635660095,0.009852216748768473,0.0049261083743842365,0.0049261083743842365,0.08493878944544701,0.0344593447631981,0.0003452795282454377,0.06805968838496476,9.713089136994054,0.08493878944544701,23.14,42
103,76; Mas Batlle 2,2,1,1,2.0,1.0,1.0,0.0,0.004128239433080448,0.009852216748768473,0.0049261083743842365,0.0049261083743842365,0.08493878944544701,0.038985980410985215,0.0013496140280456824,0.06805968838496476,10.617811507905937,0.08493878944544701,26.49,46
104,183; Mas Carpa 1,2,1,1,2.0,1.0,1.0,0.0,0.0044888443223657214,0.009852216748768473,0.0049261083743842365,0.0049261083743842365,0.08493878944544701,0.038265786993402454,0.0008787112117110365,0.06805968838496476,10.596081486186101,0.08493878944544701,24.0,46
105,227; Mas Carpa 2,2,1,1,2.0,1.0,1.0,0.0,0.0038112593662803468,0.009852216748768473,0.0049261083743842365,0.0049261083743842365,0.08493878944544701,0.04737456242707118,0.006797630234754403,0.06805968838496476,12.80156900449274,0.08493878944544701,29.0,52
106,79; Mas de les Animes 1,2,1,1,2.0,1.0,1.0,0.0,0.004428098868687524,0.009852216748768473,0.0049261083743842365,0.0049261083743842365,0.08493878944544701,0.03548951048951049,0.0004856260662011606,0.06805968838496476,9.914090676259997,0.08493878944544701,23.98,43
107,78; Mas de les Ànimes 2,2,1,1,2.0,1.0,1.0,0.0,0.00424390857063716,0.009852216748768473,0.0049261083743842365,0.0049261083743842365,0.08493878944544701,0.037746374116772036,0.000960058924546832,0.06805968838496476,10.364342791070797,0.08493878944544701,25.65,45
108,242; Mercè Rodoreda,2,1,1,2.0,1.0,1.0,0.0,0.0034548062896997767,0.009852216748768473,0.0049261083743842365,0.0049261083743842365,0.027703262937131153,0.034683068511874256,0.00039247879055331674,0.06805968838496476,9.928630466870706,0.027703262937131153,20.36,41
109,83; Miami 1,2,1,1,4.0,2.0,2.0,0.0,0.005474700856064519,0.009852216748768473,0.0049261083743842365,0.0049261083743842365,0.08101253475101206,0.050459855828983345,0.004303088044280409,0.06812775351880544,14.268979752910365,0.08101253475101206,19.52,40
110,84; Miami 2,2,1,1,6.0,3.0,3.0,0.0,0.005240428982941012,0.009852216748768473,0.0049261083743842365,0.0049261083743842365,0.14126794452844293,0.05889178996228604,0.023590687711907345,0.06880854574076868,17.22728366712879,0.14109520557967128,18.29,36
111,85; Misercòrdia 1,2,1,1,2.0,1.0,1.0,0.0,0.004548677367418154,0.009852216748768473,0.0049261083743842365,0.0049261083743842365,0.06213724820757938,0.02898757675282022,1.7812423871916646e-05,0.06805968838496476,8.74385662404908,0.06213724820757938,22.08,42
112,86; Misericòrdia 2,2,1,1,6.0,3.0,3.0,0.0,0.004014466200812326,0.009852216748768473,0.0049261083743842365,0.0049261083743842365,0.12239265798501034,0.050686641697877656,0.00849225272344926,0.06806043568035071,14.043772482326233,0.1222199190362386,16.32,33
113,88; Niloga 1,3,1,2,12.0,6.0,6.0,0.0,0.00983629073044365,0.014778325123152709,0.0049261083743842365,0.009852216748768473,0.17567754312377046,0.06483551580964549,0.05595022746518466,0.06827298608930246,18.342177297003197,0.17602302102131395,13.97,32
114,87; Niloga 2,2,1,1,13.0,7.0,6.0,0.0,0.008144000645152057,0.009852216748768473,0.0049261083743842365,0.0049261083743842365,0.07547675949860996,0.07046164526206178,0.1091174377764478,0.06814371011290687,19.154631297134415,0.07547675949860996,15.97,37
115,182; Nuestra Señora del Mar 1,2,1,1,2.0,1.0,1.0,0.0,0.004684530044921473,0.009852216748768473,0.0049261083743842365,0.0049261083743842365,0.08493878944544701,0.03391812865497076,0.00022388154254959324,0.06805968838496476,9.685813560820826,0.08493878944544701,20.67,42
116,232; Nuestra Señora del Mar 2,2,1,1,2.0,1.0,1.0,0.0,0.0024423017919675254,0.009852216748768473,0.0049261083743842365,0.0049261083743842365,0.08493878944544701,0.05909752547307132,0.03731394817759639,0.06814823063745461,16.841515360168536,0.08493878944544701,33.17,57
117,91; Oques 1,5,2,3,8.0,4.0,4.0,0.0,0.006574202896015112,0.024630541871921183,0.009852216748768473,0.014778325123152709,0.16666666666666666,0.0756333830104322,0.09246835062564941,0.07630412059902207,22.67223568764349,0.1654635906940448,14.26,38
118,92; Oques 2,4,2,2,8.0,4.0,4.0,0.0,0.005998816119735132,0.019704433497536946,0.009852216748768473,0.009852216748768473,0.15058771887040925,0.07798693814829043,0.1542784218628927,0.07637244912385945,23.826733615529637,0.15059991220796956,13.24,29
119,93; Oques 3,6,3,3,16.0,8.0,8.0,0.0,0.012049785202278184,0.029556650246305417,0.014778325123152709,0.014778325123152709,0.29468045326700165,0.08590774439272111,0.1563203082619581,0.08317842347519074,26.52344103986124,0.29325586499536654,12.34,32
120,95; Pablo Picasso 1,3,2,1,4.0,2.0,2.0,0.16666666666666666,0.004685329720607569,0.014778325123152709,0.009852216748768473,0.0049261083743842365,0.10593165227852834,0.06601626016260162,0.031204092745547817,0.07711184277989881,21.097050422225305,0.10833780422377214,19.47,40
121,94; Pablo Picasso 2,2,1,1,2.0,1.0,1.0,0.0,0.003424121854968898,0.009852216748768473,0.0049261083743842365,0.0049261083743842365,0.019558113446812662,0.04879807692307692,0.011399781527332314,0.06805970063570879,12.986898841502006,0.019558113446812662,14.71,39
122,21; Parc de la Festa 1,2,1,1,2.0,1.0,1.0,0.0,0.003969937602319904,0.009852216748768473,0.0049261083743842365,0.0049261083743842365,0.06213724820757938,0.03362597316547954,0.00014106492294358925,0.06805968838496476,9.664028371507047,0.06213724820757938,26.81,44
123,22; Parc de la Festa 2,2,1,1,2.0,1.0,1.0,0.0,0.0024285857569107416,0.009852216748768473,0.0049261083743842365,0.0049261083743842365,0.06213724820757938,0.040031551962137646,0.001098716645741207,0.06805968838496476,11.114563601153087,0.06213724820757938,31.55,50
124,97; Parcel·les Cases 1,2,1,1,4.0,2.0,2.0,0.0,0.004873515916695865,0.009852216748768473,0.0049261083743842365,0.0049261083743842365,0.057503779934643715,0.044313468674961796,0.00408353164391244,0.06805969451033678,12.227444422359614,0.057503779934643715,19.06,39
125,98; Parcel·les Cases 2,2,1,1,4.0,2.0,2.0,0.0,0.004847220943212499,0.009852216748768473,0.0049261083743842365,0.0049261083743842365,0.057503779934643715,0.05241414923831655,0.01595143735361466,0.06812794953070997,14.807668674380322,0.057503779934643715,22.53,43
126,99; Pare Manyanet 1,2,1,1,2.0,1.0,1.0,0.0,0.004486226884256932,0.009852216748768473,0.0049261083743842365,0.0049261083743842365,0.06213724820757938,0.029669687225957322,2.5173179508957514e-05,0.06805968838496476,8.873615000100585,0.06213724820757938,22.87,42
127,100; Pare Manyanet 2,2,1,1,6.0,3.0,3.0,0.0,0.004147243782519973,0.009852216748768473,0.0049261083743842365,0.0049261083743842365,0.12239265798501033,0.048437127177284656,0.006040783712561587,0.06805976188942896,13.359880315074074,0.1222199190362386,15.41,32
128,109; Passeig de Prim 1,2,1,1,8.0,4.0,4.0,0.0,0.008143411957965052,0.009852216748768473,0.0049261083743842365,0.0049261083743842365,0.18832609861971425,0.054924242424242424,0.005680997294429014,0.06806724096866038,15.4251657780242,0.1857472077256987,15.01,35
129,110; Passeig de Prim 2,2,1,1,6.0,3.0,3.0,0.0,0.004656926817505327,0.009852216748768473,0.0049261083743842365,0.0049261083743842365,0.09502267960786227,0.06422018348623854,0.05553108903138944,0.06806799438941832,17.312957350874687,0.09502267960786227,16.06,38
130,111; Passeig de Sunyer 1,3,1,2,8.0,4.0,4.0,0.0,0.00724389983237654,0.014778325123152709,0.0049261083743842365,0.009852216748768473,0.18832609861971425,0.049877149877149876,0.002872281216968637,0.06805976188942896,13.771537385015403,0.1857472077256987,13.18,33
131,112; Passeig de Sunyer 2,2,1,1,6.0,3.0,3.0,0.0,0.004559447834817589,0.009852216748768473,0.0049261083743842365,0.0049261083743842365,0.09502267960786227,0.07278594478307637,0.10974335776664214,0.06889095037049858,20.748077363402633,0.09502267960786227,17.89,40
132,108; Passeig dels Plàtans,2,1,1,2.0,1.0,1.0,0.0,0.0031151882228635797,0.009852216748768473,0.0049261083743842365,0.0049261083743842365,0.06213724820757938,0.037641386983126274,0.0005549951041102777,0.06805968838496476,10.54427374843554,0.06213724820757938,29.97,48
133,101; Pastoreta 1,2,1,1,8.0,4.0,4.0,0.0,0.008716167115173703,0.009852216748768473,0.0049261083743842365,0.0049261083743842365,0.18832609861971425,0.05785123966942149,0.007988195652261306,0.06813523872340889,16.553466178137096,0.1857472077256987,15.93,36
134,102; Pastoreta 2,2,1,1,6.0,3.0,3.0,0.0,0.004694383762544021,0.009852216748768473,0.0049261083743842365,0.0049261083743842365,0.09502267960786227,0.06065132954884972,0.039502374199513565,0.0680605153101869,16.15666870984239,0.09502267960786227,15.15,37
135,96; Països Catalans,5,2,3,10.0,5.0,5.0,0.0,0.007135757872684246,0.024630541871921183,0.009852216748768473,0.014778325123152709,0.20857110341576032,0.07521304186735828,0.15870619569284794,0.07578054217521894,22.000870874919972,0.2081890455055358,13.0,31
136,103; Peixateries Velles,3,1,2,4.0,2.0,2.0,0.0,0.004687884972726748,0.014778325123152709,0.0049261083743842365,0.009852216748768473,0.055052919085011955,0.07733333333333334,0.05281189980894273,0.06874207320365212,20.31968032569511,0.05502853240989124,16.75,37
137,105; Pelai 1,2,1,1,6.0,3.0,3.0,0.0,0.00591128856414356,0.009852216748768473,0.0049261083743842365,0.0049261083743842365,0.12871287128712872,0.046849757673667204,0.005275992868050858,0.06806649367327443,12.871323198233867,0.12871287128712872,13.64,31
138,104; Pelai 2,2,1,1,4.0,2.0,2.0,0.0,0.0031617432374557194,0.009852216748768473,0.0049261083743842365,0.0049261083743842365,0.12871287128712872,0.07026652821045344,0.11289358527683094,0.06883176090070894,19.414448302967227,0.12871287128712872,20.72,40
139,106; Pere Ceremoniós 1,2,1,1,4.0,2.0,2.0,0.0,0.005389619808646011,0.009852216748768473,0.0049261083743842365,0.0049261083743842365,0.08101253475101206,0.048298834166071856,0.0030605174882375533,0.06806649367327443,13.507667720074306,0.08101253475101206,18.64,39
140,107; Pere Ceremoniós 2,3,2,1,6.0,3.0,3.0,0.0,0.005299694891223365,0.014778325123152709,0.009852216748768473,0.0049261083743842365,0.14126794452844293,0.06225084329960135,0.033161732320465126,0.07554829256986406,19.356071578946903,0.14109520557967128,19.21,37
141,113; Piscines Municipals 1,2,1,1,2.0,1.0,1.0,0.0,0.004110546232479312,0.009852216748768473,0.0049261083743842365,0.0049261083743842365,0.06213724820757938,0.03275250080671184,0.00010004797924762052,0.06805968838496476,9.483578842533367,0.06213724820757938,26.02,43
142,114; Piscines Municipals 2,2,1,1,2.0,1.0,1.0,0.0,0.0019925013350832943,0.009852216748768473,0.0049261083743842365,0.0049261083743842365,0.06213724820757938,0.041344195519348266,0.0015454075483164649,0.06805968838496476,11.445340466621438,0.06213724820757938,32.34,51
143,115; Plaça Almoster 1,2,1,1,6.0,3.0,3.0,0.0,0.006205470538307589,0.009852216748768473,0.0049261083743842365,0.0049261083743842365,0.05237038482173341,0.06225084329960135,0.12147698665891485,0.06813055281381672,17.391673618793014,0.05237038482173341,14.13,32
144,116; Plaça Almoster 2,5,4,1,8.0,4.0,4.0,0.0,0.006627877093948323,0.024630541871921183,0.019704433497536946,0.0049261083743842365,0.05237038482173341,0.08065156932856575,0.1995354412851214,0.08927715624819413,26.937914093168175,0.05237038482173341,17.77,36
145,119; Plaça Hèrcules 1,2,1,1,2.0,1.0,1.0,0.0,0.003022286098177115,0.009852216748768473,0.0049261083743842365,0.0049261083743842365,0.01703409257181876,0.061627200971463264,0.014825331047132021,0.06814818163447847,17.59147385098242,0.01703409257181876,18.59,39
146,120; Plaça Hèrcules 2,2,1,1,4.0,2.0,2.0,0.0,0.0034290277056073376,0.009852216748768473,0.0049261083743842365,0.0049261083743842365,0.22249589490968796,0.06523136246786633,0.06369961259255477,0.06806882131464047,17.233329449340623,0.22011412963956495,15.64,40
147,118; Plaça de Prim,3,2,1,6.0,3.0,3.0,0.0,0.004692672184031907,0.014778325123152709,0.009852216748768473,0.0049261083743842365,0.2605147214228812,0.07982697601258357,0.17697148326512965,0.0772019470022527,23.437279757267724,0.25810856947763744,15.47,39
148,122; Ploms 1,2,1,1,4.0,2.0,2.0,0.0,0.004717284481419742,0.009852216748768473,0.0049261083743842365,0.0049261083743842365,0.10593165227852834,0.06226993865030675,0.022194662572523602,0.06896489586147454,18.498149631342415,0.10833780422377214,18.56,39
149,121; Ploms 2,2,1,1,2.0,1.0,1.0,0.0,0.0031634966087036157,0.009852216748768473,0.0049261083743842365,0.0049261083743842365,0.019558113446812662,0.051056338028169015,0.016024749589812603,0.06805982926852112,13.57672181012048,0.019558113446812662,15.61,40
150,51; Pompeu Fabra 1,5,4,1,12.0,6.0,6.0,0.1,0.01173274118764015,0.024630541871921183,0.019704433497536946,0.0049261083743842365,0.17567754312377046,0.07395264116575592,0.11059633142805787,0.08939057363644054,24.22348926545981,0.17602302102131395,15.86,34
151,50; Pompeu Fabra 2,5,1,4,12.0,6.0,6.0,0.1,0.006894209870958327,0.024630541871921183,0.0049261083743842365,0.019704433497536946,0.07547675949860996,0.05867052023121387,0.03927589076190776,0.06805976801480097,15.371245337942227,0.07547675949860996,13.13,34
152,130; RENFE 1,4,2,2,16.0,8.0,8.0,0.0,0.012980199077854826,0.019704433497536946,0.009852216748768473,0.009852216748768473,0.21909801817620184,0.06789297658862876,0.12620373477256863,0.07489405996096177,20.445523671193573,0.2194434960737453,13.17,31
153,129; RENFE 2,3,2,1,16.0,8.0,8.0,0.0,0.010849605203113668,0.014778325123152709,0.009852216748768473,0.0049261083743842365,0.10455786958006145,0.08146067415730338,0.21565458727248119,0.07646328839085526,24.471171168337,0.10455786958006145,16.67,37
154,123; Raval de Martí Folguera,2,1,1,6.0,3.0,3.0,0.0,0.00472560582185486,0.009852216748768473,0.0049261083743842365,0.0049261083743842365,0.2605147214228812,0.07425018288222385,0.12588623422222717,0.0689738940329659,20.53844014689327,0.25810856947763744,14.53,38
155,124; Raval de Robuster 1,3,2,1,4.0,2.0,2.0,0.0,0.004650369135164638,0.014778325123152709,0.009852216748768473,0.0049261083743842365,0.055052919085011955,0.08340180772391126,0.07424403031677367,0.07488363457779071,22.883708775271238,0.05502853240989124,17.69,38
156,219; Raval de Robuster 2,3,1,2,6.0,3.0,3.0,0.0,0.004752921637930556,0.014778325123152709,0.0049261083743842365,0.009852216748768473,0.2605147214228812,0.06940170940170941,0.08954800372205445,0.06815109731155805,18.64263112805407,0.25810856947763744,13.6,37
157,126; Recasens i Mercade 1,2,1,1,2.0,1.0,1.0,0.0,0.004769420228492232,0.009852216748768473,0.0049261083743842365,0.0049261083743842365,0.08493878944544701,0.02863995485327314,3.1372600680571666e-05,0.06805968838496476,8.624837981788028,0.08493878944544701,17.27,35
158,125; Recasens i Mercadé 2,2,1,1,2.0,1.0,1.0,0.0,0.002491268550743916,0.009852216748768473,0.0049261083743842365,0.0049261083743842365,0.08493878944544701,0.05062344139650873,0.014630059511566217,0.06805968838496476,13.268837159636092,0.08493878944544701,32.36,53
159,202; Regulació Nou Hospital,2,1,1,6.0,3.0,3.0,0.0,0.004991620912028314,0.009852216748768473,0.0049261083743842365,0.0049261083743842365,0.08064673462420134,0.049475993175725076,0.011913626934325645,0.06805976188942896,13.670882859482044,0.08064673462420134,22.19,45
160,132; Reus Transport,2,1,1,2.0,1.0,1.0,0.0,0.004343123620624913,0.009852216748768473,0.0049261083743842365,0.0049261083743842365,0.08493878944544701,0.036583168138403316,0.000682866630628196,0.06805968838496476,10.130530988870268,0.08493878944544701,24.81,44
161,133; Riera,2,1,1,2.0,1.0,1.0,0.0,0.0027274970931102736,0.009852216748768473,0.0049261083743842365,0.0049261083743842365,0.022972247963712628,0.07213930348258707,0.037566381240596365,0.06812791890384988,18.589039648862478,0.022972247963712628,16.79,37
162,135; Riera Aragó 1,2,1,1,4.0,2.0,2.0,0.0,0.0047502908841323115,0.009852216748768473,0.0049261083743842365,0.0049261083743842365,0.10560243216439873,0.05464333781965007,0.007369331525391576,0.0681958064019021,15.69172699575361,0.10597229673706288,18.63,37
163,134; Riera Aragó 2,2,1,1,8.0,4.0,4.0,0.0,0.005147205942776227,0.009852216748768473,0.0049261083743842365,0.0049261083743842365,0.140072997447528,0.058333333333333334,0.045805009655039496,0.06875458733868062,16.150676429421203,0.1424791493927718,15.89,41
164,136; Ripollès,3,2,1,4.0,2.0,2.0,0.0,0.004868161808536961,0.014778325123152709,0.009852216748768473,0.0049261083743842365,0.019582500121933376,0.06221268771069568,0.27497191771190616,0.07502016299465311,18.06111806323746,0.019582500121933376,17.83,36
165,137; Riudoms 1,2,1,1,2.0,1.0,1.0,0.0,0.004227739212537299,0.009852216748768473,0.0049261083743842365,0.0049261083743842365,0.06213724820757938,0.03192325837395817,7.091681493855258e-05,0.06805968838496476,9.315513470913613,0.06213724820757938,25.24,42
166,138; Riudoms 2,3,1,2,6.0,3.0,3.0,0.0,0.004436970727768362,0.014778325123152709,0.0049261083743842365,0.009852216748768473,0.12239265798501034,0.04274584122973257,0.002173342981651811,0.06805968838496476,11.814244224174908,0.1222199190362386,12.68,29
167,190; Rosaleda 1,2,1,1,2.0,1.0,1.0,0.0,0.0038043781335007592,0.009852216748768473,0.0049261083743842365,0.0049261083743842365,0.06213724820757938,0.03454731109598366,0.00019879472103746947,0.06805968838496476,9.858368172141867,0.06213724820757938,27.6,45
168,216; Rosaleda 2,2,1,1,2.0,1.0,1.0,0.0,0.002799817259388623,0.009852216748768473,0.0049261083743842365,0.0049261083743842365,0.06213724820757938,0.03879969418960245,0.0007809804132184173,0.06805968838496476,10.815802258058527,0.06213724820757938,30.76,49
169,140; Rovira i Virgili 1,2,1,1,2.0,1.0,1.0,0.0,0.004610444428566802,0.009852216748768473,0.0049261083743842365,0.0049261083743842365,0.08493878944544701,0.032568586555430774,0.00017438272128825202,0.06805968838496476,9.351045482121322,0.08493878944544701,21.46,40
170,139; Rovira i Virgili 2,2,1,1,2.0,1.0,1.0,0.0,0.0038311164198030307,0.009852216748768473,0.0049261083743842365,0.0049261083743842365,0.08493878944544701,0.041726618705035974,0.0026665445494749697,0.06805968838496476,11.195185766687436,0.08493878944544701,28.17,48
171,17; Sagrada Familia,2,1,1,4.0,2.0,2.0,0.0,0.004078546984035415,0.009852216748768473,0.0049261083743842365,0.0049261083743842365,0.039225966931668535,0.06432192648922687,0.08080276708868905,0.06813628003665158,17.456500940159177,0.039225966931668535,18.09,36
172,145; Sant Bernat Calbó 1,2,1,1,4.0,2.0,2.0,0.0,0.00557508794555406,0.009852216748768473,0.0049261083743842365,0.0049261083743842365,0.08101253475101206,0.052823315118397086,0.006049711247880257,0.06874035809948768,15.26704491495645,0.08101253475101206,20.41,41
173,146; Sant Bernat Calbó 2,2,1,1,7.0,3.0,4.0,0.0,0.005189001402126389,0.009852216748768473,0.0049261083743842365,0.0049261083743842365,0.14126794452844293,0.055876685934489405,0.016781919971913584,0.06813457105785914,15.877814742827818,0.14109520557967128,17.38,35
174,229; Sant Joan 1,2,1,1,2.0,1.0,1.0,0.5,0.002545896055833855,0.009852216748768473,0.0049261083743842365,0.0049261083743842365,0.0,0.06244232543832667,0.02850888788496443,0.06819595341083048,17.12624396998661,0.0,16.78,35
175,230; Sant Joan 2,2,1,1,2.0,1.0,1.0,0.5,0.0017137444726050268,0.009852216748768473,0.0049261083743842365,0.0049261083743842365,0.0,0.0556469298245614,0.027939350465938775,0.06805969451033678,14.549433922327571,0.0,15.44,38
176,179; Sant Josep 1,2,1,1,6.0,3.0,3.0,0.0,0.0049482138293604925,0.009852216748768473,0.0049261083743842365,0.0049261083743842365,0.08064673462420134,0.042159916926272065,0.0030476987815290205,0.06805968838496476,11.652700346552189,0.08064673462420134,18.7,41
177,117; Sant Josep 2,2,1,1,6.0,3.0,3.0,0.0,0.005075105708802267,0.009852216748768473,0.0049261083743842365,0.0049261083743842365,0.08064673462420134,0.05986434680035388,0.04652363231558804,0.06882884522362936,17.89032264736592,0.08064673462420134,25.68,49
178,142; Saragossa,2,1,1,4.0,2.0,2.0,0.0,0.0043969543688633424,0.009852216748768473,0.0049261083743842365,0.0049261083743842365,0.039225966931668535,0.05435073627844712,0.02908773846067058,0.06805976188942896,14.33052910319863,0.039225966931668535,15.25,33
179,144; Sol i Vista 1,2,1,1,5.0,2.0,3.0,0.0,0.006300168855238629,0.009852216748768473,0.0049261083743842365,0.0049261083743842365,0.12871287128712872,0.05135340247912978,0.010423883084134987,0.06874028459502349,14.473658123770463,0.12871287128712872,15.5,33
180,143; Sol i Vista 2,3,1,2,4.0,2.0,2.0,0.0,0.004131350547591688,0.014778325123152709,0.0049261083743842365,0.009852216748768473,0.12871287128712872,0.05287835373795259,0.02056504100194662,0.06805969451033678,13.856463976955647,0.12871287128712872,16.06,35
181,148; Tanatori 1,6,3,3,8.0,4.0,4.0,0.03333333333333333,0.00938979671905288,0.029556650246305417,0.014778325123152709,0.014778325123152709,0.17386073582727732,0.060615108987757536,0.014566685073204905,0.08167182697415984,19.632202762546523,0.17423060039994148,18.17,39
182,147; Tanatori 2,4,2,2,6.0,3.0,3.0,0.0,0.004493343400713698,0.019704433497536946,0.009852216748768473,0.009852216748768473,0.16819489830756476,0.06558966074313409,0.07372929051723452,0.07691446491743044,21.07549874725858,0.16819489830756476,25.0,51
183,205; Tecnoparc 1,2,1,1,2.0,1.0,1.0,0.0,0.00460213132461639,0.009852216748768473,0.0049261083743842365,0.0049261083743842365,0.08493878944544701,0.03596102745792737,0.00044374415078239827,0.06805968838496476,10.104555610806653,0.08493878944544701,22.34,44
184,206; Tecnoparc 2,2,1,1,2.0,1.0,1.0,0.0,0.00339143836833924,0.009852216748768473,0.0049261083743842365,0.0049261083743842365,0.08493878944544701,0.051457541191381496,0.013433957622684881,0.06805977414017299,13.987732767559999,0.08493878944544701,30.67,54
185,149; Tirant Lo Blanc,2,1,1,6.0,3.0,3.0,0.0,0.006088946853504629,0.009852216748768473,0.0049261083743842365,0.0049261083743842365,0.12871287128712872,0.04899831040308955,0.007415883378396106,0.06812774739343343,13.565856096892354,0.12871287128712872,14.57,32
186,150; Universitat 1,2,1,1,6.0,3.0,3.0,0.0,0.004957448340197255,0.009852216748768473,0.0049261083743842365,0.0049261083743842365,0.08064673462420134,0.04377830493853785,0.004286068260202478,0.06805968838496476,12.063605541372748,0.08064673462420134,19.57,42
187,151; Universitat 2,2,1,1,6.0,3.0,3.0,0.0,0.005048998852439072,0.009852216748768473,0.0049261083743842365,0.0049261083743842365,0.08064673462420134,0.05687867750070048,0.033096603967631616,0.06813659855599641,16.3857303531428,0.08064673462420134,24.8,48
188,152; Urb. Juncosa 1,2,1,1,4.0,2.0,2.0,0.0,0.004877378554269249,0.009852216748768473,0.0049261083743842365,0.0049261083743842365,0.05750377993464372,0.04266498528793611,0.0029041195074437703,0.06805968838496476,11.79479058927454,0.057503779934643715,18.2,38
189,153; Urb. Juncosa 2,2,1,1,4.0,2.0,2.0,0.0,0.00483747836532713,0.009852216748768473,0.0049261083743842365,0.0049261083743842365,0.057503779934643715,0.054924242424242424,0.022423023682602537,0.06874232434390479,15.907542697416106,0.057503779934643715,23.4,44
190,220; Urb. Pàmies 2,2,1,1,4.0,2.0,2.0,0.0,0.003907466788976527,0.009852216748768473,0.0049261083743842365,0.0049261083743842365,0.17722203254808244,0.06273176761433868,0.050548236675307355,0.07010155051960514,19.087684225465733,0.17686436131297859,16.59,37
191,235; Urbanització Mercader,2,1,1,2.0,1.0,1.0,0.0,0.003200675197260325,0.009852216748768473,0.0049261083743842365,0.0049261083743842365,0.027703262937131153,0.035733145572962505,0.0005526212514826209,0.06805968838496476,10.154530418683056,0.027703262937131153,21.21,42
192,154; Vall d'Aran,4,2,2,4.0,2.0,2.0,0.08333333333333333,0.003988433212157375,0.019704433497536946,0.009852216748768473,0.009852216748768473,0.019582500121933376,0.07073170731707316,0.2717305464160738,0.07578656954128259,21.701398967278895,0.019582500121933376,19.75,38
193,156; Ventura Gassol 1,4,1,3,8.0,4.0,4.0,0.16666666666666666,0.008520630597925566,0.019704433497536946,0.0049261083743842365,0.014778325123152709,0.14616966622770652,0.0662748938948743,0.040080890846673135,0.06942238152122611,18.787064911519973,0.14857581817295032,13.97,34
194,155; Ventura Gassol 2,4,3,1,6.0,3.0,3.0,0.16666666666666666,0.004681437221582543,0.019704433497536946,0.014778325123152709,0.0049261083743842365,0.13592726267700658,0.06673241288625904,0.08796746002288192,0.08236584999967742,20.037865071623198,0.1383334146222504,14.51,37
195,158; Victor Català 1,2,1,1,2.0,1.0,1.0,0.0,0.00474828932743455,0.009852216748768473,0.0049261083743842365,0.0049261083743842365,0.08493878944544701,0.02934798322972387,4.425089382120037e-05,0.06805968838496476,8.753283216047684,0.08493878944544701,18.11,36
196,157; Victor Català 2,2,1,1,2.0,1.0,1.0,0.0,0.0028532113032862833,0.009852216748768473,0.0049261083743842365,0.0049261083743842365,0.08493878944544701,0.04855297775651758,0.010408125743638348,0.06805968838496476,12.754279906929545,0.08493878944544701,31.52,52
197,159; Vidal i Barraquer,2,1,1,2.0,1.0,1.0,0.0,0.0019706430369358582,0.009852216748768473,0.0049261083743842365,0.0049261083743842365,0.017997366239086963,0.050434782608695654,0.01649126252870619,0.06806038055200256,13.506143107204315,0.017997366239086963,26.84,48
198,236; Vidal i Barraquer 1,3,2,1,4.0,2.0,2.0,0.0,0.005727005953544808,0.014778325123152709,0.009852216748768473,0.0049261083743842365,0.10236306881919721,0.06132930513595166,0.01913845628680748,0.07554829256986406,19.34219884729527,0.09978417792518168,18.68,39
199,160; Vilafortuny 1,2,1,1,2.0,1.0,1.0,0.0,0.004413734519590331,0.009852216748768473,0.0049261083743842365,0.0049261083743842365,0.06213724820757938,0.030384672953150726,3.5569400480845316e-05,0.06805968838496476,9.01156558080365,0.06213724820757938,23.66,42
200,161; Vilafortuny 2,2,1,1,6.0,3.0,3.0,0.0,0.00425932581614563,0.009852216748768473,0.0049261083743842365,0.0049261083743842365,0.12239265798501033,0.046378798263650906,0.004296758268274269,0.06805969451033678,12.774315153027988,0.1222199190362386,14.5,31
201,162; Vilallonga,2,1,1,2.0,1.0,1.0,0.0,0.003053248983380802,0.009852216748768473,0.0049261083743842365,0.0049261083743842365,0.022972247963712628,0.0675990675990676,0.02672162911423035,0.06806650592401846,17.250305472128957,0.022972247963712628,15.86,36
202,167; Villablanca 1,2,1,1,2.0,1.0,1.0,0.0,0.004715636169645503,0.009852216748768473,0.0049261083743842365,0.0049261083743842365,0.08493878944544701,0.03298131600324939,0.00015895062379445743,0.06805968838496476,9.498626734278936,0.08493878944544701,19.84,41
203,231; Villablanca 2,2,1,1,2.0,1.0,1.0,0.0,0.0028113108039516635,0.009852216748768473,0.0049261083743842365,0.0049261083743842365,0.08493878944544701,0.05631067961165048,0.02654532436572108,0.06806853954752774,15.666988425422543,0.08493878944544701,32.34,56
